175er	175ers	N;GEN;SG;MASC
175er	175ern	N;DAT;PL;MASC
5-Hydroxytryptamin	5-Hydroxytryptamins	N;GEN;SG;NEUT
A	As	N;GEN;SG;NEUT
ä	äs	N;GEN;SG;NEUT
Ä	Äs	N;GEN;SG;NEUT
A-a	A-as	N;GEN;SG;NEUT
a-Schwa	a-Schwas	N;NOM;PL;NEUT
a-Schwa	a-Schwas	N;GEN;SG;NEUT
a-Schwa	a-Schwas	N;GEN;PL;NEUT
a-Schwa	a-Schwas	N;DAT;PL;NEUT
a-Schwa	a-Schwas	N;ACC;PL;NEUT
Aa	Aas	N;GEN;SG;NEUT
Aa-Wurst	Aa-Würste	N;NOM;PL;FEM
Aa-Wurst	Aa-Würsten	N;DAT;PL;FEM
Aachener	Aacheners	N;GEN;SG;MASC
Aachener	Aachenern	N;DAT;PL;MASC
Aachenerin	Aachenerinnen	N;NOM;PL;FEM
Aak	Aakes	N;GEN;SG;NEUT
Aak	Aaks	N;GEN;SG;NEUT
Aak	Aake	N;DAT;SG;NEUT
Aak	Aaken	N;DAT;PL;NEUT
Aake	Aaken	N;NOM;PL;FEM
Aakerbeere	Aakerbeeren	N;NOM;PL;FEM
Aal	Aales	N;GEN;SG;MASC
Aal	Aals	N;GEN;SG;MASC
Aal	Aale	N;DAT;SG;MASC
Aal	Aalen	N;DAT;PL;MASC
Aalauge	Aalaugen	N;NOM;PL;MASC
Aalauge	Aalauges	N;GEN;SG;MASC
Aalbeere	Aalbeeren	N;NOM;PL;FEM
Aalen	Aalens	N;GEN;SG;NEUT
Aalfang	Aalfänge	N;NOM;PL;MASC
Aalfang	Aalfanges	N;GEN;SG;MASC
Aalfang	Aalfangs	N;GEN;SG;MASC
Aalfang	Aalfange	N;DAT;SG;MASC
Aalfang	Aalfängen	N;DAT;PL;MASC
Aalfett	Aalfettes	N;GEN;SG;NEUT
Aalfett	Aalfetts	N;GEN;SG;NEUT
Aalfett	Aalfette	N;DAT;SG;NEUT
Aalfett	Aalfetten	N;DAT;PL;NEUT
Aalfischer	Aalfischers	N;GEN;SG;MASC
Aalfischer	Aalfischern	N;DAT;PL;MASC
Aalhaut	Aalhäute	N;NOM;PL;FEM
Aalhaut	Aalhäuten	N;DAT;PL;FEM
Aalkorb	Aalkörbe	N;NOM;PL;MASC
Aalkorb	Aalkorbes	N;GEN;SG;MASC
Aalkorb	Aalkorbs	N;GEN;SG;MASC
Aalkorb	Aalkorbe	N;DAT;SG;MASC
Aalkorb	Aalkörben	N;DAT;PL;MASC
Aalleiter	Aalleitern	N;NOM;PL;FEM
Aalmolch	Aalmolches	N;GEN;SG;MASC
Aalmolch	Aalmolchs	N;GEN;SG;MASC
Aalmolch	Aalmolche	N;DAT;SG;MASC
Aalmolch	Aalmolchen	N;DAT;PL;MASC
Aalquappe	Aalquappen	N;NOM;PL;FEM
Aalräucherei	Aalräuchereien	N;NOM;PL;FEM
Aalraupe	Aalraupen	N;NOM;PL;FEM
Aalreuse	Aalreusen	N;NOM;PL;FEM
Aalschwanz	Aalschwänze	N;NOM;PL;MASC
Aalschwanz	Aalschwanzes	N;GEN;SG;MASC
Aalschwanz	Aalschwanze	N;DAT;SG;MASC
Aalschwanz	Aalschwänzen	N;DAT;PL;MASC
Aalspeer	Aalspeeres	N;GEN;SG;MASC
Aalspeer	Aalspeers	N;GEN;SG;MASC
Aalspeer	Aalspeere	N;DAT;SG;MASC
Aalspeer	Aalspeeren	N;DAT;PL;MASC
Aalstechen	Aalstechens	N;GEN;SG;NEUT
Aalstrich	Aalstriches	N;GEN;SG;MASC
Aalstrich	Aalstrichs	N;GEN;SG;MASC
Aalstrich	Aalstriche	N;DAT;SG;MASC
Aalstrich	Aalstrichen	N;DAT;PL;MASC
Aalsuppe	Aalsuppen	N;NOM;PL;FEM
Aaltierchen	Aaltierchens	N;GEN;SG;NEUT
Aar	Aares	N;GEN;SG;MASC
Aar	Aars	N;GEN;SG;MASC
Aar	Aare	N;DAT;SG;MASC
Aar	Aaren	N;DAT;PL;MASC
Aar	Aaren	N;GEN;SG;MASC
Aargauer	Aargauers	N;GEN;SG;MASC
Aargauer	Aargauern	N;DAT;PL;MASC
Aas	Aases	N;GEN;SG;NEUT
Aas	Aase	N;DAT;SG;NEUT
Aas	Aasen	N;DAT;PL;NEUT
Aas	Äser	N;NOM;PL;NEUT
Aas	Aases	N;GEN;SG;NEUT
Aas	Aase	N;DAT;SG;NEUT
Aas	Äsern	N;DAT;PL;NEUT
Aasblume	Aasblumen	N;NOM;PL;FEM
Aasen	Aasens	N;GEN;SG;NEUT
Aaser	Aasers	N;GEN;SG;MASC
Aaser	Aasern	N;DAT;PL;MASC
Aasfliege	Aasfliegen	N;NOM;PL;FEM
Aasfresser	Aasfressers	N;GEN;SG;MASC
Aasfresser	Aasfressern	N;DAT;PL;MASC
Aasgeier	Aasgeiers	N;GEN;SG;MASC
Aasgeier	Aasgeiern	N;DAT;PL;MASC
Aasgeruch	Aasgerüche	N;NOM;PL;MASC
Aasgeruch	Aasgeruches	N;GEN;SG;MASC
Aasgeruch	Aasgeruchs	N;GEN;SG;MASC
Aasgeruch	Aasgeruche	N;DAT;SG;MASC
Aasgeruch	Aasgerüchen	N;DAT;PL;MASC
Aasinsekt	Aasinsekten	N;NOM;PL;NEUT
Aasinsekt	Aasinsektes	N;GEN;SG;NEUT
Aasinsekt	Aasinsekts	N;GEN;SG;NEUT
Aasinsekt	Aasinsekte	N;DAT;SG;NEUT
Aasjäger	Aasjägers	N;GEN;SG;MASC
Aasjäger	Aasjägern	N;DAT;PL;MASC
Aaskäfer	Aaskäfers	N;GEN;SG;MASC
Aaskäfer	Aaskäfern	N;DAT;PL;MASC
Aaskrähe	Aaskrähen	N;NOM;PL;FEM
Aaß	Aaßes	N;GEN;SG;NEUT
Aaß	Aaße	N;DAT;SG;NEUT
Aaß	Aaßen	N;DAT;PL;NEUT
Aasseite	Aasseiten	N;NOM;PL;FEM
Aasvogel	Aasvögel	N;NOM;PL;MASC
Aasvogel	Aasvogels	N;GEN;SG;MASC
Aasvogel	Aasvögeln	N;DAT;PL;MASC
Aba	Abas	N;NOM;PL;FEM
Abakus	Abakusse	N;NOM;PL;MASC
Abakus	Abakussen	N;DAT;PL;MASC
Abakus	Abaki	N;NOM;PL;MASC
Abalienation	Abalienationen	N;NOM;PL;FEM
Abalone	Abalonen	N;NOM;PL;FEM
Abänderer	Abänderers	N;GEN;SG;MASC
Abänderer	Abänderern	N;DAT;PL;MASC
Abändern	Abänderns	N;GEN;SG;NEUT
Abänderung	Abänderungen	N;NOM;PL;FEM
Abänderungsantrag	Abänderungsanträge	N;NOM;PL;MASC
Abänderungsantrag	Abänderungsantrages	N;GEN;SG;MASC
Abänderungsantrag	Abänderungsantrags	N;GEN;SG;MASC
Abänderungsantrag	Abänderungsantrage	N;DAT;SG;MASC
Abänderungsantrag	Abänderungsanträgen	N;DAT;PL;MASC
Abänderungsklage	Abänderungsklagen	N;NOM;PL;FEM
Abänderungsvorschlag	Abänderungsvorschläge	N;NOM;PL;MASC
Abänderungsvorschlag	Abänderungsvorschlages	N;GEN;SG;MASC
Abänderungsvorschlag	Abänderungsvorschlags	N;GEN;SG;MASC
Abänderungsvorschlag	Abänderungsvorschlage	N;DAT;SG;MASC
Abänderungsvorschlag	Abänderungsvorschlägen	N;DAT;PL;MASC
Abandonnieren	Abandonnierens	N;GEN;SG;NEUT
Abarbeiten	Abarbeitens	N;GEN;SG;NEUT
Abart	Abarten	N;NOM;PL;FEM
Abartigkeit	Abartigkeiten	N;NOM;PL;FEM
Abartung	Abartungen	N;NOM;PL;FEM
Abasie	Abasien	N;NOM;PL;FEM
Abate	Abaten	N;GEN;SG;MASC
Abaton	Abata	N;NOM;PL;NEUT
Abaton	Abatons	N;GEN;SG;NEUT
Abätzen	Abätzens	N;GEN;SG;NEUT
Abbaggerung	Abbaggerungen	N;NOM;PL;FEM
Abbau	Abbaues	N;GEN;SG;MASC
Abbau	Abbaus	N;GEN;SG;MASC
Abbau	Abbaue	N;DAT;SG;MASC
Abbau	Abbauen	N;DAT;PL;MASC
Abbauen	Abbauens	N;GEN;SG;NEUT
Abbauerscheinung	Abbauerscheinungen	N;NOM;PL;FEM
Abbaugerechtigkeit	Abbaugerechtigkeiten	N;NOM;PL;FEM
Abbaumethode	Abbaumethoden	N;NOM;PL;FEM
Abbauort	Abbauortes	N;GEN;SG;MASC
Abbauort	Abbauorts	N;GEN;SG;MASC
Abbauort	Abbauorte	N;DAT;SG;MASC
Abbauort	Abbauorten	N;DAT;PL;MASC
Abbauprodukt	Abbauproduktes	N;GEN;SG;NEUT
Abbauprodukt	Abbauprodukts	N;GEN;SG;NEUT
Abbauprodukt	Abbauprodukte	N;DAT;SG;NEUT
Abbauprodukt	Abbauprodukten	N;DAT;PL;NEUT
Abbauprozess	Abbauprozesses	N;GEN;SG;MASC
Abbauprozess	Abbauprozesse	N;DAT;SG;MASC
Abbauprozess	Abbauprozessen	N;DAT;PL;MASC
Abbé	Abbés	N;GEN;SG;MASC
Abbeförderung	Abbeförderungen	N;NOM;PL;FEM
Abbeißen	Abbeißens	N;GEN;SG;NEUT
Abbeizmittel	Abbeizmittels	N;GEN;SG;NEUT
Abbeizmittel	Abbeizmitteln	N;DAT;PL;NEUT
Abbekommen	Abbekommens	N;GEN;SG;NEUT
Abberufen	Abberufens	N;GEN;SG;NEUT
Abberufung	Abberufungen	N;NOM;PL;FEM
Abbestellen	Abbestellens	N;GEN;SG;NEUT
Abbestellung	Abbestellungen	N;NOM;PL;FEM
Abbezahlen	Abbezahlens	N;GEN;SG;NEUT
Abbezahlung	Abbezahlungen	N;NOM;PL;FEM
Abbiegen	Abbiegens	N;GEN;SG;NEUT
Abbiegespur	Abbiegespuren	N;NOM;PL;FEM
Abbiegung	Abbiegungen	N;NOM;PL;FEM
Abbild	Abbilder	N;NOM;PL;NEUT
Abbild	Abbildes	N;GEN;SG;NEUT
Abbild	Abbilds	N;GEN;SG;NEUT
Abbild	Abbilde	N;DAT;SG;NEUT
Abbild	Abbildern	N;DAT;PL;NEUT
Abbilden	Abbildens	N;GEN;SG;NEUT
Abbildung	Abbildungen	N;NOM;PL;FEM
Abbildungsfehler	Abbildungsfehlers	N;GEN;SG;MASC
Abbildungsfehler	Abbildungsfehlern	N;DAT;PL;MASC
Abbildungsmaßstab	Abbildungsmaßstäbe	N;NOM;PL;MASC
Abbildungsmaßstab	Abbildungsmaßstabes	N;GEN;SG;MASC
Abbildungsmaßstab	Abbildungsmaßstabs	N;GEN;SG;MASC
Abbildungsmaßstab	Abbildungsmaßstabe	N;DAT;SG;MASC
Abbildungsmaßstab	Abbildungsmaßstäben	N;DAT;PL;MASC
Abbildungstechnik	Abbildungstechniken	N;NOM;PL;FEM
Abbindebeschleuniger	Abbindebeschleunigers	N;GEN;SG;MASC
Abbindebeschleuniger	Abbindebeschleunigern	N;DAT;PL;MASC
Abbinden	Abbindens	N;GEN;SG;NEUT
Abbitte	Abbitten	N;NOM;PL;FEM
Abblasen	Abblasens	N;GEN;SG;NEUT
Abblaseventil	Abblaseventile	N;NOM;PL;NEUT
Abblaseventil	Abblaseventils	N;GEN;SG;NEUT
Abblaseventil	Abblaseventilen	N;DAT;PL;NEUT
Abblättern	Abblätterns	N;GEN;SG;NEUT
Abblenden	Abblendens	N;GEN;SG;NEUT
Abblendlicht	Abblendlichter	N;NOM;PL;NEUT
Abblendlicht	Abblendlichtes	N;GEN;SG;NEUT
Abblendlicht	Abblendlichts	N;GEN;SG;NEUT
Abblendlicht	Abblendlichte	N;DAT;SG;NEUT
Abblendlicht	Abblendlichtern	N;DAT;PL;NEUT
Abblitzen	Abblitzens	N;GEN;SG;NEUT
Abblocken	Abblockens	N;GEN;SG;NEUT
Abbrand	Abbrände	N;NOM;PL;MASC
Abbrand	Abbrands	N;GEN;SG;MASC
Abbrand	Abbränden	N;DAT;PL;MASC
Abbrechen	Abbrechens	N;GEN;SG;NEUT
Abbrecher	Abbrechers	N;GEN;SG;MASC
Abbrecher	Abbrechern	N;DAT;PL;MASC
Abbrecherquote	Abbrecherquoten	N;NOM;PL;FEM
Abbremsen	Abbremsens	N;GEN;SG;NEUT
Abbrennen	Abbrennens	N;GEN;SG;NEUT
Abbreviation	Abbreviationen	N;NOM;PL;FEM
Abbreviatur	Abbreviaturen	N;NOM;PL;FEM
Abbringen	Abbringens	N;GEN;SG;NEUT
Abbröckeln	Abbröckelns	N;GEN;SG;NEUT
Abbruch	Abbrüche	N;NOM;PL;MASC
Abbruch	Abbruches	N;GEN;SG;MASC
Abbruch	Abbruchs	N;GEN;SG;MASC
Abbruch	Abbruche	N;DAT;SG;MASC
Abbruch	Abbrüchen	N;DAT;PL;MASC
Abbrucharbeiter	Abbrucharbeiters	N;GEN;SG;MASC
Abbrucharbeiter	Abbrucharbeitern	N;DAT;PL;MASC
Abbruchbirne	Abbruchbirnen	N;NOM;PL;FEM
Abbruchfirma	Abbruchfirmen	N;NOM;PL;FEM
Abbruchgenehmigung	Abbruchgenehmigungen	N;NOM;PL;FEM
Abbruchhaus	Abbruchhäuser	N;NOM;PL;NEUT
Abbruchhaus	Abbruchhauses	N;GEN;SG;NEUT
Abbruchhaus	Abbruchhause	N;DAT;SG;NEUT
Abbruchhaus	Abbruchhäusern	N;DAT;PL;NEUT
Abbruchkante	Abbruchkanten	N;NOM;PL;FEM
Abbruchunternehmen	Abbruchunternehmens	N;GEN;SG;NEUT
Abbuchen	Abbuchens	N;GEN;SG;NEUT
Abbuchung	Abbuchungen	N;NOM;PL;FEM
Abbügeln	Abbügelns	N;GEN;SG;NEUT
Abc-Buch	Abc-Bücher	N;NOM;PL;NEUT
Abc-Buch	Abc-Buches	N;GEN;SG;NEUT
Abc-Buch	Abc-Buchs	N;GEN;SG;NEUT
Abc-Buch	Abc-Buche	N;DAT;SG;NEUT
Abc-Buch	Abc-Büchern	N;DAT;PL;NEUT
ABC-Schütze	ABC-Schützen	N;GEN;SG;MASC
Abchase	Abchasen	N;GEN;SG;MASC
Abdach	Abdächer	N;NOM;PL;NEUT
Abdach	Abdaches	N;GEN;SG;NEUT
Abdach	Abdachs	N;GEN;SG;NEUT
Abdach	Abdache	N;DAT;SG;NEUT
Abdach	Abdächern	N;DAT;PL;NEUT
Abdampf	Abdämpfe	N;NOM;PL;MASC
Abdampf	Abdampfes	N;GEN;SG;MASC
Abdampf	Abdampfs	N;GEN;SG;MASC
Abdampf	Abdampfe	N;DAT;SG;MASC
Abdampf	Abdämpfen	N;DAT;PL;MASC
Abdampfen	Abdampfens	N;GEN;SG;NEUT
Abdampfentöler	Abdampfentölers	N;GEN;SG;MASC
Abdampfentöler	Abdampfentölern	N;DAT;PL;MASC
Abdampfschale	Abdampfschalen	N;NOM;PL;FEM
Abdampfturbine	Abdampfturbinen	N;NOM;PL;FEM
Abdanken	Abdankens	N;GEN;SG;NEUT
Abdankung	Abdankungen	N;NOM;PL;FEM
Abdecken	Abdeckens	N;GEN;SG;NEUT
Abdecker	Abdeckers	N;GEN;SG;MASC
Abdecker	Abdeckern	N;DAT;PL;MASC
Abdeckplatte	Abdeckplatten	N;NOM;PL;FEM
Abdeckung	Abdeckungen	N;NOM;PL;FEM
Abdestillieren	Abdestillierens	N;GEN;SG;NEUT
Abdichten	Abdichtens	N;GEN;SG;NEUT
Abdikation	Abdikationen	N;NOM;PL;FEM
Abdomen	Abdomens	N;GEN;SG;NEUT
Abdomen	Abdomina	N;NOM;PL;NEUT
Abdomen	Abdomens	N;GEN;SG;NEUT
Abdrehen	Abdrehens	N;GEN;SG;NEUT
Abdruck	Abdrücke	N;NOM;PL;MASC
Abdruck	Abdruckes	N;GEN;SG;MASC
Abdruck	Abdrucks	N;GEN;SG;MASC
Abdruck	Abdrucke	N;DAT;SG;MASC
Abdruck	Abdrücken	N;DAT;PL;MASC
Abduktion	Abduktionen	N;NOM;PL;FEM
Abduktor	Abduktoren	N;NOM;PL;MASC
Abduktor	Abduktors	N;GEN;SG;MASC
Abecedarium	Abecedarien	N;NOM;PL;NEUT
Abecedarium	Abecedariums	N;GEN;SG;NEUT
Abeillekolibri	Abeillekolibris	N;GEN;SG;MASC
Abeisen	Abeisens	N;GEN;SG;NEUT
Abend	Abendes	N;GEN;SG;MASC
Abend	Abends	N;GEN;SG;MASC
Abend	Abende	N;DAT;SG;MASC
Abend	Abenden	N;DAT;PL;MASC
Abendappell	Abendappelle	N;NOM;PL;MASC
Abendappell	Abendappells	N;GEN;SG;MASC
Abendappell	Abendappellen	N;DAT;PL;MASC
Abendblatt	Abendblätter	N;NOM;PL;NEUT
Abendblatt	Abendblattes	N;GEN;SG;NEUT
Abendblatt	Abendblatts	N;GEN;SG;NEUT
Abendblatt	Abendblatte	N;DAT;SG;NEUT
Abendblatt	Abendblättern	N;DAT;PL;NEUT
Abenddämmerung	Abenddämmerungen	N;NOM;PL;FEM
Abendessen	Abendessens	N;GEN;SG;NEUT
Abendgebet	Abendgebetes	N;GEN;SG;NEUT
Abendgebet	Abendgebets	N;GEN;SG;NEUT
Abendgebet	Abendgebete	N;DAT;SG;NEUT
Abendgebet	Abendgebeten	N;DAT;PL;NEUT
Abendkasse	Abendkassen	N;NOM;PL;FEM
Abendkleid	Abendkleider	N;NOM;PL;NEUT
Abendkleid	Abendkleides	N;GEN;SG;NEUT
Abendkleid	Abendkleids	N;GEN;SG;NEUT
Abendkleid	Abendkleide	N;DAT;SG;NEUT
Abendkleid	Abendkleidern	N;DAT;PL;NEUT
Abendkleidchen	Abendkleidchens	N;GEN;SG;NEUT
Abendland	Abendlandes	N;GEN;SG;NEUT
Abendland	Abendlands	N;GEN;SG;NEUT
Abendland	Abendlande	N;DAT;SG;NEUT
Abendlied	Abendlieder	N;NOM;PL;NEUT
Abendlied	Abendliedes	N;GEN;SG;NEUT
Abendlied	Abendlieds	N;GEN;SG;NEUT
Abendlied	Abendliede	N;DAT;SG;NEUT
Abendlied	Abendliedern	N;DAT;PL;NEUT
Abendmahl	Abendmahles	N;GEN;SG;NEUT
Abendmahl	Abendmahls	N;GEN;SG;NEUT
Abendmahl	Abendmahle	N;DAT;SG;NEUT
Abendmahl	Abendmahlen	N;DAT;PL;NEUT
Abendmahlsfeier	Abendmahlsfeiern	N;NOM;PL;FEM
Abendmahlzeit	Abendmahlzeiten	N;NOM;PL;FEM
Abendstern	Abendsternes	N;GEN;SG;MASC
Abendstern	Abendsterns	N;GEN;SG;MASC
Abendstern	Abendsterne	N;DAT;SG;MASC
Abendstern	Abendsternen	N;DAT;PL;MASC
Abendvorstellung	Abendvorstellungen	N;NOM;PL;FEM
Abenteuer	Abenteuers	N;GEN;SG;NEUT
Abenteuer	Abenteuern	N;DAT;PL;NEUT
Abenteuerfilm	Abenteuerfilmes	N;GEN;SG;MASC
Abenteuerfilm	Abenteuerfilms	N;GEN;SG;MASC
Abenteuerfilm	Abenteuerfilme	N;DAT;SG;MASC
Abenteuerfilm	Abenteuerfilmen	N;DAT;PL;MASC
Abenteuerin	Abenteuerinnen	N;NOM;PL;FEM
Abenteuerlichkeit	Abenteuerlichkeiten	N;NOM;PL;FEM
Abenteuerreise	Abenteuerreisen	N;NOM;PL;FEM
Abenteuerroman	Abenteuerromanes	N;GEN;SG;MASC
Abenteuerroman	Abenteuerromans	N;GEN;SG;MASC
Abenteuerroman	Abenteuerromane	N;DAT;SG;MASC
Abenteuerroman	Abenteuerromanen	N;DAT;PL;MASC
Abenteuerspielplatz	Abenteuerspielplätze	N;NOM;PL;MASC
Abenteuerspielplatz	Abenteuerspielplatzes	N;GEN;SG;MASC
Abenteuerspielplatz	Abenteuerspielplatzs	N;GEN;SG;MASC
Abenteuerspielplatz	Abenteuerspielplatze	N;DAT;SG;MASC
Abenteuerspielplatz	Abenteuerspielplätzen	N;DAT;PL;MASC
Abenteurer	Abenteurers	N;GEN;SG;MASC
Abenteurer	Abenteurern	N;DAT;PL;MASC
Abenteurerin	Abenteurerinnen	N;NOM;PL;FEM
Aber	Abers	N;GEN;SG;NEUT
Aber	Abers	N;GEN;SG;NEUT
Aber	Abern	N;DAT;PL;NEUT
Aberglaube	Aberglauben	N;GEN;SG;MASC
Aberglauben	Aberglaubens	N;GEN;SG;MASC
Aberration	Aberrationen	N;NOM;PL;FEM
Aberwitz	Aberwitzes	N;GEN;SG;MASC
Aberwitz	Aberwitze	N;DAT;SG;MASC
Abessiv	Abessive	N;NOM;PL;MASC
Abessiv	Abessivs	N;GEN;SG;MASC
Abessiv	Abessiven	N;DAT;PL;MASC
Abfackeln	Abfackelns	N;GEN;SG;NEUT
Abfahren	Abfahrens	N;GEN;SG;NEUT
Abfahrt	Abfahrten	N;NOM;PL;FEM
Abfahrthalle	Abfahrthallen	N;NOM;PL;FEM
Abfahrtsliste	Abfahrtslisten	N;NOM;PL;FEM
Abfahrtszeit	Abfahrtszeiten	N;NOM;PL;FEM
Abfall	Abfälle	N;NOM;PL;MASC
Abfall	Abfalls	N;GEN;SG;MASC
Abfall	Abfällen	N;DAT;PL;MASC
Abfallbehälter	Abfallbehälters	N;GEN;SG;MASC
Abfallbehälter	Abfallbehältern	N;DAT;PL;MASC
Abfalleimer	Abfalleimers	N;GEN;SG;MASC
Abfalleimer	Abfalleimern	N;DAT;PL;MASC
Abfallen	Abfallens	N;GEN;SG;NEUT
Abfallkorb	Abfallkörbe	N;NOM;PL;MASC
Abfallkorb	Abfallkorbes	N;GEN;SG;MASC
Abfallkorb	Abfallkorbs	N;GEN;SG;MASC
Abfallkorb	Abfallkorbe	N;DAT;SG;MASC
Abfallkorb	Abfallkörben	N;DAT;PL;MASC
Abfallprodukt	Abfallprodukte	N;NOM;PL;NEUT
Abfallprodukt	Abfallprodukts	N;GEN;SG;NEUT
Abfallprodukt	Abfallprodukten	N;DAT;PL;NEUT
Abfallstoff	Abfallstoffe	N;NOM;PL;MASC
Abfallstoff	Abfallstoffs	N;GEN;SG;MASC
Abfallstoff	Abfallstoffen	N;DAT;PL;MASC
Abfalltonne	Abfalltonnen	N;NOM;PL;FEM
Abfangen	Abfangens	N;GEN;SG;NEUT
Abfassen	Abfassens	N;GEN;SG;NEUT
Abfassung	Abfassungen	N;NOM;PL;FEM
Abfedern	Abfederns	N;GEN;SG;NEUT
Abfertigen	Abfertigens	N;GEN;SG;NEUT
Abfertigung	Abfertigungen	N;NOM;PL;FEM
Abfertigungsgebäude	Abfertigungsgebäudes	N;GEN;SG;NEUT
Abfertigungsgebäude	Abfertigungsgebäuden	N;DAT;PL;NEUT
Abfertigungsschalter	Abfertigungsschalters	N;GEN;SG;MASC
Abfertigungsschalter	Abfertigungsschaltern	N;DAT;PL;MASC
Abfeuern	Abfeuerns	N;GEN;SG;NEUT
Abfeuerung	Abfeuerungen	N;NOM;PL;FEM
Abfiltern	Abfilterns	N;GEN;SG;NEUT
Abfinden	Abfindens	N;GEN;SG;NEUT
Abfindung	Abfindungen	N;NOM;PL;FEM
Abflachen	Abflachens	N;GEN;SG;NEUT
Abflaken	Abflakens	N;GEN;SG;NEUT
Abfliegen	Abfliegens	N;GEN;SG;NEUT
Abfliessen	Abfliessens	N;GEN;SG;NEUT
Abfließen	Abfließens	N;GEN;SG;NEUT
Abflug	Abflüge	N;NOM;PL;MASC
Abflug	Abfluges	N;GEN;SG;MASC
Abflug	Abflugs	N;GEN;SG;MASC
Abflug	Abfluge	N;DAT;SG;MASC
Abflug	Abflügen	N;DAT;PL;MASC
Abflugzeit	Abflugzeiten	N;NOM;PL;FEM
Abfluss	Abflüsse	N;NOM;PL;MASC
Abfluss	Abflusses	N;GEN;SG;MASC
Abfluss	Abflusse	N;DAT;SG;MASC
Abfluss	Abflüssen	N;DAT;PL;MASC
Abfluß	Abflüsse	N;NOM;PL;MASC
Abfluß	Abflusses	N;GEN;SG;MASC
Abfluß	Abflusse	N;DAT;SG;MASC
Abfluß	Abflüssen	N;DAT;PL;MASC
Abflusskanal	Abflusskanäle	N;NOM;PL;MASC
Abflusskanal	Abflusskanals	N;GEN;SG;MASC
Abflusskanal	Abflusskanälen	N;DAT;PL;MASC
Abflußkanal	Abflußkanäle	N;NOM;PL;MASC
Abflußkanal	Abflußkanals	N;GEN;SG;MASC
Abflußkanal	Abflußkanälen	N;DAT;PL;MASC
Abflussleitung	Abflussleitungen	N;NOM;PL;FEM
Abflußleitung	Abflußleitungen	N;NOM;PL;FEM
Abfolge	Abfolgen	N;NOM;PL;FEM
Abfrage	Abfragen	N;NOM;PL;FEM
Abfragen	Abfragens	N;GEN;SG;NEUT
Abfräsen	Abfräsens	N;GEN;SG;NEUT
Abfuhr	Abfuhren	N;NOM;PL;FEM
Abführmittel	Abführmittels	N;GEN;SG;NEUT
Abführmittel	Abführmitteln	N;DAT;PL;NEUT
Abgabe	Abgaben	N;NOM;PL;FEM
Abgabeleistung	Abgabeleistungen	N;NOM;PL;FEM
Abgang	Abgänge	N;NOM;PL;MASC
Abgang	Abganges	N;GEN;SG;MASC
Abgang	Abgangs	N;GEN;SG;MASC
Abgang	Abgange	N;DAT;SG;MASC
Abgang	Abgängen	N;DAT;PL;MASC
Abgänger	Abgängers	N;GEN;SG;MASC
Abgänger	Abgängern	N;DAT;PL;MASC
Abgas	Abgases	N;GEN;SG;NEUT
Abgas	Abgase	N;DAT;SG;NEUT
Abgas	Abgasen	N;DAT;PL;NEUT
Abgaskatalysator	Abgaskatalysatoren	N;NOM;PL;MASC
Abgaskatalysator	Abgaskatalysators	N;GEN;SG;MASC
Abgasklappe	Abgasklappen	N;NOM;PL;FEM
Abgassonderuntersuchung	Abgassonderuntersuchungen	N;NOM;PL;FEM
Abgasstrom	Abgasströme	N;NOM;PL;MASC
Abgasstrom	Abgasstromes	N;GEN;SG;MASC
Abgasstrom	Abgasstroms	N;GEN;SG;MASC
Abgasstrom	Abgasstrome	N;DAT;SG;MASC
Abgasstrom	Abgasströmen	N;DAT;PL;MASC
Abgasturbine	Abgasturbinen	N;NOM;PL;FEM
Abgeben	Abgebens	N;GEN;SG;NEUT
Abgehen	Abgehens	N;GEN;SG;NEUT
Abgeordnetenhaus	Abgeordnetenhäuser	N;NOM;PL;NEUT
Abgeordnetenhaus	Abgeordnetenhauses	N;GEN;SG;NEUT
Abgeordnetenhaus	Abgeordnetenhause	N;DAT;SG;NEUT
Abgeordnetenhaus	Abgeordnetenhäusern	N;DAT;PL;NEUT
Abglanz	Abglanzes	N;GEN;SG;MASC
Abglanz	Abglanze	N;DAT;SG;MASC
Abgott	Abgötter	N;NOM;PL;MASC
Abgott	Abgottes	N;GEN;SG;MASC
Abgott	Abgotts	N;GEN;SG;MASC
Abgott	Abgotte	N;DAT;SG;MASC
Abgott	Abgöttern	N;DAT;PL;MASC
Abgötterei	Abgöttereien	N;NOM;PL;FEM
Abgrenzen	Abgrenzens	N;GEN;SG;NEUT
Abgrenzung	Abgrenzungen	N;NOM;PL;FEM
Abgrund	Abgründe	N;NOM;PL;MASC
Abgrund	Abgrundes	N;GEN;SG;MASC
Abgrund	Abgrunds	N;GEN;SG;MASC
Abgrund	Abgrunde	N;DAT;SG;MASC
Abgrund	Abgründen	N;DAT;PL;MASC
Abguss	Abgüsse	N;NOM;PL;MASC
Abguss	Abgusses	N;GEN;SG;MASC
Abguss	Abgusse	N;DAT;SG;MASC
Abguss	Abgüssen	N;DAT;PL;MASC
Abguß	Abgüsse	N;NOM;PL;MASC
Abguß	Abgusses	N;GEN;SG;MASC
Abguß	Abgusse	N;DAT;SG;MASC
Abguß	Abgüssen	N;DAT;PL;MASC
Abhacken	Abhackens	N;GEN;SG;NEUT
Abhaken	Abhakens	N;GEN;SG;NEUT
Abhalten	Abhaltens	N;GEN;SG;NEUT
Abhandlung	Abhandlungen	N;NOM;PL;FEM
Abhang	Abhänge	N;NOM;PL;MASC
Abhang	Abhanges	N;GEN;SG;MASC
Abhang	Abhangs	N;GEN;SG;MASC
Abhang	Abhange	N;DAT;SG;MASC
Abhang	Abhängen	N;DAT;PL;MASC
Abhängen	Abhängens	N;GEN;SG;NEUT
Abhängigkeit	Abhängigkeiten	N;NOM;PL;FEM
Abhauen	Abhauens	N;GEN;SG;NEUT
Abheben	Abhebens	N;GEN;SG;NEUT
Abhilfe	Abhilfen	N;NOM;PL;FEM
Abholen	Abholens	N;GEN;SG;NEUT
Abholung	Abholungen	N;NOM;PL;FEM
Abholzen	Abholzens	N;GEN;SG;NEUT
Abholzung	Abholzungen	N;NOM;PL;FEM
Abhören	Abhörens	N;GEN;SG;NEUT
Abhörverbrecher	Abhörverbrechers	N;GEN;SG;MASC
Abhörverbrecher	Abhörverbrechern	N;DAT;PL;MASC
Abi	Abis	N;GEN;SG;NEUT
Abisolierzange	Abisolierzangen	N;NOM;PL;FEM
Abitur	Abiture	N;NOM;PL;NEUT
Abitur	Abiturs	N;GEN;SG;NEUT
Abitur	Abituren	N;DAT;PL;NEUT
Abiturient	Abiturienten	N;GEN;SG;MASC
Abjagen	Abjagens	N;GEN;SG;NEUT
Abkacken	Abkackens	N;GEN;SG;NEUT
Abkanzeln	Abkanzelns	N;GEN;SG;NEUT
Abkapseln	Abkapselns	N;GEN;SG;NEUT
Abkapselung	Abkapselungen	N;NOM;PL;FEM
Abkaufen	Abkaufens	N;GEN;SG;NEUT
Abklären	Abklärens	N;GEN;SG;NEUT
Abklärung	Abklärungen	N;NOM;PL;FEM
Abklatsch	Abklatsches	N;GEN;SG;MASC
Abklatsch	Abklatschs	N;GEN;SG;MASC
Abklatsch	Abklatsche	N;DAT;SG;MASC
Abklatsch	Abklatschen	N;DAT;PL;MASC
Abklingzeit	Abklingzeiten	N;NOM;PL;FEM
Abknallen	Abknallens	N;GEN;SG;NEUT
Abknicken	Abknickens	N;GEN;SG;NEUT
Abkommen	Abkommens	N;GEN;SG;NEUT
Abkömmling	Abkömmlinge	N;NOM;PL;MASC
Abkömmling	Abkömmlings	N;GEN;SG;MASC
Abkömmling	Abkömmlingen	N;DAT;PL;MASC
Abkönnen	Abkönnens	N;GEN;SG;NEUT
Abkratzen	Abkratzens	N;GEN;SG;NEUT
Abkühlen	Abkühlens	N;GEN;SG;NEUT
Abkühlung	Abkühlungen	N;NOM;PL;FEM
Abkupfern	Abkupferns	N;GEN;SG;NEUT
Abkürzen	Abkürzens	N;GEN;SG;NEUT
Abkürzung	Abkürzungen	N;NOM;PL;FEM
Abkürzungsdschungel	Abkürzungsdschungels	N;GEN;SG;MASC
Abkürzungsdschungel	Abkürzungsdschungeln	N;DAT;PL;MASC
Abkürzungsverzeichnis	Abkürzungsverzeichnisses	N;GEN;SG;NEUT
Abkürzungsverzeichnis	Abkürzungsverzeichnisse	N;DAT;SG;NEUT
Abkürzungsverzeichnis	Abkürzungsverzeichnissen	N;DAT;PL;NEUT
Abladen	Abladens	N;GEN;SG;NEUT
Ablage	Ablagen	N;NOM;PL;FEM
Ablagern	Ablagerns	N;GEN;SG;NEUT
Ablagerung	Ablagerungen	N;NOM;PL;FEM
Ablass	Ablässe	N;NOM;PL;MASC
Ablass	Ablasses	N;GEN;SG;MASC
Ablass	Ablasse	N;DAT;SG;MASC
Ablass	Ablässen	N;DAT;PL;MASC
Ablaß	Ablässe	N;NOM;PL;MASC
Ablaß	Ablasses	N;GEN;SG;MASC
Ablaß	Ablasse	N;DAT;SG;MASC
Ablaß	Ablässen	N;DAT;PL;MASC
Ablassbrief	Ablassbriefes	N;GEN;SG;MASC
Ablassbrief	Ablassbriefs	N;GEN;SG;MASC
Ablassbrief	Ablassbriefe	N;DAT;SG;MASC
Ablassbrief	Ablassbriefen	N;DAT;PL;MASC
Ablassen	Ablassens	N;GEN;SG;NEUT
Ablaßen	Ablaßens	N;GEN;SG;NEUT
Ablasshandel	Ablasshandels	N;GEN;SG;MASC
Ablaßhandel	Ablaßhandels	N;GEN;SG;MASC
Ablassventil	Ablassventile	N;NOM;PL;NEUT
Ablassventil	Ablassventils	N;GEN;SG;NEUT
Ablassventil	Ablassventilen	N;DAT;PL;NEUT
Ablaßventil	Ablaßventile	N;NOM;PL;NEUT
Ablaßventil	Ablaßventils	N;GEN;SG;NEUT
Ablaßventil	Ablaßventilen	N;DAT;PL;NEUT
Ablativ	Ablative	N;NOM;PL;MASC
Ablativ	Ablativs	N;GEN;SG;MASC
Ablativ	Ablativen	N;DAT;PL;MASC
Ablauf	Abläufe	N;NOM;PL;MASC
Ablauf	Ablaufes	N;GEN;SG;MASC
Ablauf	Ablaufs	N;GEN;SG;MASC
Ablauf	Ablaufe	N;DAT;SG;MASC
Ablauf	Abläufen	N;DAT;PL;MASC
Ablaufen	Ablaufens	N;GEN;SG;NEUT
Ablaugen	Ablaugens	N;GEN;SG;NEUT
Ablaut	Ablautes	N;GEN;SG;MASC
Ablaut	Ablauts	N;GEN;SG;MASC
Ablaut	Ablaute	N;DAT;SG;MASC
Ablaut	Ablauten	N;DAT;PL;MASC
Ableben	Ablebens	N;GEN;SG;NEUT
Ablegen	Ablegens	N;GEN;SG;NEUT
Ableger	Ablegers	N;GEN;SG;MASC
Ableger	Ablegern	N;DAT;PL;MASC
Ablehnen	Ablehnens	N;GEN;SG;NEUT
Ablehnung	Ablehnungen	N;NOM;PL;FEM
Ableiten	Ableitens	N;GEN;SG;NEUT
Ableitung	Ableitungen	N;NOM;PL;FEM
Ableitungsmorphem	Ableitungsmorpheme	N;NOM;PL;NEUT
Ableitungsmorphem	Ableitungsmorphems	N;GEN;SG;NEUT
Ableitungsmorphem	Ableitungsmorphemen	N;DAT;PL;NEUT
Ablenken	Ablenkens	N;GEN;SG;NEUT
Ablenkung	Ablenkungen	N;NOM;PL;FEM
Ablenkungsmanöver	Ablenkungsmanövers	N;GEN;SG;NEUT
Ablenkungsmanöver	Ablenkungsmanövern	N;DAT;PL;NEUT
Ablenkungstaktik	Ablenkungstaktiken	N;NOM;PL;FEM
Ablesen	Ablesens	N;GEN;SG;NEUT
Ablichtung	Ablichtungen	N;NOM;PL;FEM
Ablieferungspflicht	Ablieferungspflichten	N;NOM;PL;FEM
Ablöse	Ablösen	N;NOM;PL;FEM
Ablösen	Ablösens	N;GEN;SG;NEUT
Ablösung	Ablösungen	N;NOM;PL;FEM
Abluchsen	Abluchsens	N;GEN;SG;NEUT
Abluft	Ablüfte	N;NOM;PL;FEM
Abluft	Ablüften	N;DAT;PL;FEM
Abmachung	Abmachungen	N;NOM;PL;FEM
Abmagern	Abmagerns	N;GEN;SG;NEUT
Abmagerungskur	Abmagerungskuren	N;NOM;PL;FEM
Abmeiern	Abmeierns	N;GEN;SG;NEUT
Abmelden	Abmeldens	N;GEN;SG;NEUT
Abmessen	Abmessens	N;GEN;SG;NEUT
Abmeßen	Abmeßens	N;GEN;SG;NEUT
Abmessung	Abmessungen	N;NOM;PL;FEM
Abnahme	Abnahmen	N;NOM;PL;FEM
Abnehmen	Abnehmens	N;GEN;SG;NEUT
Abnehmer	Abnehmers	N;GEN;SG;MASC
Abnehmer	Abnehmern	N;DAT;PL;MASC
Abnehmertausch	Abnehmertausche	N;NOM;PL;MASC
Abnehmertausch	Abnehmertauschs	N;GEN;SG;MASC
Abnehmertausch	Abnehmertauschen	N;DAT;PL;MASC
Abneigung	Abneigungen	N;NOM;PL;FEM
Abnutzen	Abnutzens	N;GEN;SG;NEUT
Abnutzung	Abnutzungen	N;NOM;PL;FEM
Abo	Abos	N;GEN;SG;NEUT
Abonnement	Abonnements	N;GEN;SG;NEUT
Abonnent	Abonnenten	N;GEN;SG;MASC
Abonnentin	Abonnentinnen	N;NOM;PL;FEM
Abonnieren	Abonnierens	N;GEN;SG;NEUT
Abordnung	Abordnungen	N;NOM;PL;FEM
Abordnungsgeld	Abordnungsgelder	N;NOM;PL;NEUT
Abordnungsgeld	Abordnungsgelds	N;GEN;SG;NEUT
Abordnungsgeld	Abordnungsgeldern	N;DAT;PL;NEUT
Aborigine	Aborigines	N;GEN;SG;MASC
Aborigine	Aborigines	N;NOM;PL;FEM
Abort	Abortes	N;GEN;SG;MASC
Abort	Aborts	N;GEN;SG;MASC
Abort	Aborte	N;DAT;SG;MASC
Abort	Aborten	N;DAT;PL;MASC
Abort	Abortes	N;GEN;SG;MASC
Abort	Aborts	N;GEN;SG;MASC
Abort	Aborte	N;DAT;SG;MASC
Abort	Aborten	N;DAT;PL;MASC
Abpfiff	Abpfiffes	N;GEN;SG;MASC
Abpfiff	Abpfiffs	N;GEN;SG;MASC
Abpfiff	Abpfiffe	N;DAT;SG;MASC
Abpfiff	Abpfiffen	N;DAT;PL;MASC
Abrasion	Abrasionen	N;NOM;PL;FEM
Abrasionsplatte	Abrasionsplatten	N;NOM;PL;FEM
Abräumen	Abräumens	N;GEN;SG;NEUT
Abrechnen	Abrechnens	N;GEN;SG;NEUT
Abrechnung	Abrechnungen	N;NOM;PL;FEM
Abrede	Abreden	N;NOM;PL;FEM
Abreiben	Abreibens	N;GEN;SG;NEUT
Abreibung	Abreibungen	N;NOM;PL;FEM
Abreichern	Abreicherns	N;GEN;SG;NEUT
Abreicherung	Abreicherungen	N;NOM;PL;FEM
Abreise	Abreisen	N;NOM;PL;FEM
Abreisen	Abreisens	N;GEN;SG;NEUT
Abreissen	Abreissens	N;GEN;SG;NEUT
Abreißen	Abreißens	N;GEN;SG;NEUT
Abrieb	Abriebes	N;GEN;SG;MASC
Abrieb	Abriebs	N;GEN;SG;MASC
Abrieb	Abriebe	N;DAT;SG;MASC
Abrieb	Abrieben	N;DAT;PL;MASC
Abriegeln	Abriegelns	N;GEN;SG;NEUT
Abriss	Abrisses	N;GEN;SG;MASC
Abriss	Abrisse	N;DAT;SG;MASC
Abriss	Abrissen	N;DAT;PL;MASC
Abriß	Abrisses	N;GEN;SG;MASC
Abriß	Abrisse	N;DAT;SG;MASC
Abriß	Abrissen	N;DAT;PL;MASC
Abrissbirne	Abrissbirnen	N;NOM;PL;FEM
Abrissparty	Abrisspartys	N;NOM;PL;FEM
Abrufen	Abrufens	N;GEN;SG;NEUT
Abrunden	Abrundens	N;GEN;SG;NEUT
Abrüstung	Abrüstungen	N;NOM;PL;FEM
Abrüstungskonferenz	Abrüstungskonferenzen	N;NOM;PL;FEM
Absage	Absagen	N;NOM;PL;FEM
Absagen	Absagens	N;GEN;SG;NEUT
Absägen	Absägens	N;GEN;SG;NEUT
Absatteln	Absattelns	N;GEN;SG;NEUT
Absättigen	Absättigens	N;GEN;SG;NEUT
Absättigung	Absättigungen	N;NOM;PL;FEM
Absatz	Absätze	N;NOM;PL;MASC
Absatz	Absatzes	N;GEN;SG;MASC
Absatz	Absatze	N;DAT;SG;MASC
Absatz	Absätzen	N;DAT;PL;MASC
Absatzbewegung	Absatzbewegungen	N;NOM;PL;FEM
Absatzmarkt	Absatzmärkte	N;NOM;PL;MASC
Absatzmarkt	Absatzmarktes	N;GEN;SG;MASC
Absatzmarkt	Absatzmarkts	N;GEN;SG;MASC
Absatzmarkt	Absatzmarkte	N;DAT;SG;MASC
Absatzmarkt	Absatzmärkten	N;DAT;PL;MASC
Absatzzeichen	Absatzzeichens	N;GEN;SG;NEUT
Absaufen	Absaufens	N;GEN;SG;NEUT
Absaugen	Absaugens	N;GEN;SG;NEUT
Absaugung	Absaugungen	N;NOM;PL;FEM
Abschaffen	Abschaffens	N;GEN;SG;NEUT
Abschaffung	Abschaffungen	N;NOM;PL;FEM
Abschälen	Abschälens	N;GEN;SG;NEUT
Abschalten	Abschaltens	N;GEN;SG;NEUT
Abschattung	Abschattungen	N;NOM;PL;FEM
Abschaum	Abschaumes	N;GEN;SG;MASC
Abschaum	Abschaums	N;GEN;SG;MASC
Abschaum	Abschaume	N;DAT;SG;MASC
Abscheiden	Abscheidens	N;GEN;SG;NEUT
Abscheidung	Abscheidungen	N;NOM;PL;FEM
Abscheulichkeit	Abscheulichkeiten	N;NOM;PL;FEM
Abschieben	Abschiebens	N;GEN;SG;NEUT
Abschiebung	Abschiebungen	N;NOM;PL;FEM
Abschied	Abschiedes	N;GEN;SG;MASC
Abschied	Abschieds	N;GEN;SG;MASC
Abschied	Abschiede	N;DAT;SG;MASC
Abschied	Abschieden	N;DAT;PL;MASC
Abschiedsbrief	Abschiedsbriefes	N;GEN;SG;MASC
Abschiedsbrief	Abschiedsbriefs	N;GEN;SG;MASC
Abschiedsbrief	Abschiedsbriefe	N;DAT;SG;MASC
Abschiedsbrief	Abschiedsbriefen	N;DAT;PL;MASC
Abschiedsfeier	Abschiedsfeiern	N;NOM;PL;FEM
Abschiedsgeschenk	Abschiedsgeschenkes	N;GEN;SG;NEUT
Abschiedsgeschenk	Abschiedsgeschenks	N;GEN;SG;NEUT
Abschiedsgeschenk	Abschiedsgeschenke	N;DAT;SG;NEUT
Abschiedsgeschenk	Abschiedsgeschenken	N;DAT;PL;NEUT
Abschiedsvorstellung	Abschiedsvorstellungen	N;NOM;PL;FEM
Abschießen	Abschießens	N;GEN;SG;NEUT
Abschirmen	Abschirmens	N;GEN;SG;NEUT
Abschirmung	Abschirmungen	N;NOM;PL;FEM
Abschlachten	Abschlachtens	N;GEN;SG;NEUT
Abschlag	Abschläge	N;NOM;PL;MASC
Abschlag	Abschlages	N;GEN;SG;MASC
Abschlag	Abschlags	N;GEN;SG;MASC
Abschlag	Abschlage	N;DAT;SG;MASC
Abschlag	Abschlägen	N;DAT;PL;MASC
Abschlagen	Abschlagens	N;GEN;SG;NEUT
Abschleppen	Abschleppens	N;GEN;SG;NEUT
Abschleppseil	Abschleppseiles	N;GEN;SG;NEUT
Abschleppseil	Abschleppseils	N;GEN;SG;NEUT
Abschleppseil	Abschleppseile	N;DAT;SG;NEUT
Abschleppseil	Abschleppseiln	N;DAT;PL;NEUT
Abschleppwagen	Abschleppwagens	N;GEN;SG;MASC
Abschliessen	Abschliessens	N;GEN;SG;NEUT
Abschließen	Abschließens	N;GEN;SG;NEUT
Abschluss	Abschlüsse	N;NOM;PL;MASC
Abschluss	Abschlusses	N;GEN;SG;MASC
Abschluss	Abschlusse	N;DAT;SG;MASC
Abschluss	Abschlüssen	N;DAT;PL;MASC
Abschluß	Abschlüsse	N;NOM;PL;MASC
Abschluß	Abschlusses	N;GEN;SG;MASC
Abschluß	Abschlusse	N;DAT;SG;MASC
Abschluß	Abschlüssen	N;DAT;PL;MASC
Abschlußdeich	Abschlußdeiches	N;GEN;SG;MASC
Abschlußdeich	Abschlußdeichs	N;GEN;SG;MASC
Abschlußdeich	Abschlußdeiche	N;DAT;SG;MASC
Abschlußdeich	Abschlußdeichen	N;DAT;PL;MASC
Abschlussfeier	Abschlussfeiern	N;DAT;PL;FEM
Abschlußfeier	Abschlußfeiern	N;NOM;PL;FEM
Abschmecken	Abschmeckens	N;GEN;SG;NEUT
Abschmelzung	Abschmelzungen	N;NOM;PL;FEM
Abschneiden	Abschneidens	N;GEN;SG;NEUT
Abschnitt	Abschnittes	N;GEN;SG;MASC
Abschnitt	Abschnitts	N;GEN;SG;MASC
Abschnitt	Abschnitte	N;DAT;SG;MASC
Abschnitt	Abschnitten	N;DAT;PL;MASC
Abschnittchen	Abschnittchens	N;GEN;SG;NEUT
Abschnittsende	Abschnittsenden	N;NOM;PL;NEUT
Abschnittsende	Abschnittsendes	N;GEN;SG;NEUT
Abschottung	Abschottungen	N;NOM;PL;FEM
Abschrecken	Abschreckens	N;GEN;SG;NEUT
Abschreckung	Abschreckungen	N;NOM;PL;FEM
Abschreiben	Abschreibens	N;GEN;SG;NEUT
Abschreibung	Abschreibungen	N;NOM;PL;FEM
Abschrift	Abschriften	N;NOM;PL;FEM
Abschub	Abschübe	N;NOM;PL;MASC
Abschub	Abschubes	N;GEN;SG;MASC
Abschub	Abschubs	N;GEN;SG;MASC
Abschub	Abschube	N;DAT;SG;MASC
Abschub	Abschüben	N;DAT;PL;MASC
Abschuss	Abschüsse	N;NOM;PL;MASC
Abschuss	Abschusses	N;GEN;SG;MASC
Abschuss	Abschusse	N;DAT;SG;MASC
Abschuss	Abschüssen	N;DAT;PL;MASC
Abschußring	Abschußringe	N;NOM;PL;MASC
Abschußring	Abschußrings	N;GEN;SG;MASC
Abschußring	Abschußringen	N;DAT;PL;MASC
Abschütten	Abschüttens	N;GEN;SG;NEUT
Abschweifen	Abschweifens	N;GEN;SG;NEUT
Abschweifung	Abschweifungen	N;NOM;PL;FEM
Abschwören	Abschwörens	N;GEN;SG;NEUT
Abschwung	Abschwünge	N;NOM;PL;MASC
Abschwung	Abschwunges	N;GEN;SG;MASC
Abschwung	Abschwungs	N;GEN;SG;MASC
Abschwung	Abschwunge	N;DAT;SG;MASC
Abschwung	Abschwüngen	N;DAT;PL;MASC
Abseiler	Abseilers	N;GEN;SG;MASC
Abseiler	Abseilern	N;DAT;PL;MASC
Abseitsfalle	Abseitsfallen	N;NOM;PL;FEM
Abseitstor	Abseitstores	N;GEN;SG;NEUT
Abseitstor	Abseitstors	N;GEN;SG;NEUT
Abseitstor	Abseitstore	N;DAT;SG;NEUT
Abseitstor	Abseitstoren	N;DAT;PL;NEUT
Absence	Absencen	N;NOM;PL;FEM
Absenden	Absendens	N;GEN;SG;NEUT
Absender	Absenders	N;GEN;SG;MASC
Absender	Absendern	N;DAT;PL;MASC
Absenderin	Absenderinnen	N;NOM;PL;FEM
Absenken	Absenkens	N;GEN;SG;NEUT
Absenkung	Absenkungen	N;NOM;PL;FEM
Absetzen	Absetzens	N;GEN;SG;NEUT
Absichern	Absicherns	N;GEN;SG;NEUT
Absicherung	Absicherungen	N;NOM;PL;FEM
Absicht	Absichten	N;NOM;PL;FEM
Absichtserklärung	Absichtserklärungen	N;NOM;PL;FEM
Absiedler	Absiedlers	N;GEN;SG;MASC
Absiedler	Absiedlern	N;DAT;PL;MASC
Absinken	Absinkens	N;GEN;SG;NEUT
Absinth	Absinthes	N;GEN;SG;MASC
Absinth	Absinths	N;GEN;SG;MASC
Absinth	Absinthe	N;DAT;SG;MASC
Absinth	Absinthen	N;DAT;PL;MASC
Absolutadjektiv	Absolutadjektive	N;NOM;PL;NEUT
Absolutadjektiv	Absolutadjektivs	N;GEN;SG;NEUT
Absolutadjektiv	Absolutadjektiven	N;DAT;PL;NEUT
Absolute Beginner	Absolute Beginners	N;GEN;SG;MASC
Absolution	Absolutionen	N;NOM;PL;FEM
Absolutiv	Absolutive	N;NOM;PL;MASC
Absolutiv	Absolutivs	N;GEN;SG;MASC
Absolutiv	Absolutiven	N;DAT;PL;MASC
Absolvent	Absolventen	N;GEN;SG;MASC
Absolvieren	Absolvierens	N;GEN;SG;NEUT
Absorber	Absorbers	N;GEN;SG;MASC
Absorber	Absorbern	N;DAT;PL;MASC
Absorption	Absorptionen	N;NOM;PL;FEM
Absorptionsfähigkeit	Absorptionsfähigkeiten	N;NOM;PL;FEM
Absorptionsgrad	Absorptionsgrade	N;NOM;PL;MASC
Absorptionsgrad	Absorptionsgrads	N;GEN;SG;MASC
Absorptionsgrad	Absorptionsgraden	N;DAT;PL;MASC
Absorptionsspektrum	Absorptionsspektrumen	N;NOM;PL;NEUT
Absorptionsspektrum	Absorptionsspektrums	N;GEN;SG;NEUT
Abspalten	Abspaltens	N;GEN;SG;NEUT
Abspann	Abspanne	N;NOM;PL;MASC
Abspann	Abspanns	N;GEN;SG;MASC
Abspann	Abspannen	N;DAT;PL;MASC
Abspecken	Abspeckens	N;GEN;SG;NEUT
Absperre	Absperren	N;NOM;PL;FEM
Absperrhahn	Absperrhähne	N;NOM;PL;MASC
Absperrhahn	Absperrhahnes	N;GEN;SG;MASC
Absperrhahn	Absperrhahns	N;GEN;SG;MASC
Absperrhahn	Absperrhahne	N;DAT;SG;MASC
Absperrhahn	Absperrhähnen	N;DAT;PL;MASC
Abspielen	Abspielens	N;GEN;SG;NEUT
Absprache	Absprachen	N;NOM;PL;FEM
Absprechen	Absprechens	N;GEN;SG;NEUT
Abspringen	Abspringens	N;GEN;SG;NEUT
Abspritzen	Abspritzens	N;GEN;SG;NEUT
Abspritzer	Abspritzers	N;GEN;SG;MASC
Abspritzer	Abspritzern	N;DAT;PL;MASC
Abstammung	Abstammungen	N;NOM;PL;FEM
Abstammungsbescheid	Abstammungsbescheides	N;GEN;SG;MASC
Abstammungsbescheid	Abstammungsbescheide	N;DAT;SG;MASC
Abstammungsbescheid	Abstammungsbescheiden	N;DAT;PL;MASC
Abstand	Abstände	N;NOM;PL;MASC
Abstand	Abstandes	N;GEN;SG;MASC
Abstand	Abstands	N;GEN;SG;MASC
Abstand	Abstande	N;DAT;SG;MASC
Abstand	Abständen	N;DAT;PL;MASC
Abstauben	Abstaubens	N;GEN;SG;NEUT
Abstechen	Abstechens	N;GEN;SG;NEUT
Abstecher	Abstechers	N;GEN;SG;MASC
Abstecher	Abstechern	N;DAT;PL;MASC
Abstecken	Absteckens	N;GEN;SG;NEUT
Absteigen	Absteigens	N;GEN;SG;NEUT
Abstellen	Abstellens	N;GEN;SG;NEUT
Abstellraum	Abstellräume	N;NOM;PL;MASC
Abstellraum	Abstellraumes	N;GEN;SG;MASC
Abstellraum	Abstellraums	N;GEN;SG;MASC
Abstellraum	Abstellraume	N;DAT;SG;MASC
Abstellraum	Abstellräumen	N;DAT;PL;MASC
Absterben	Absterbens	N;GEN;SG;NEUT
Abstieg	Abstieges	N;GEN;SG;MASC
Abstieg	Abstiegs	N;GEN;SG;MASC
Abstieg	Abstiege	N;DAT;SG;MASC
Abstieg	Abstiegen	N;DAT;PL;MASC
Abstimmen	Abstimmens	N;GEN;SG;NEUT
Abstimmung	Abstimmungen	N;NOM;PL;FEM
Abstimmungsort	Abstimmungsortes	N;GEN;SG;MASC
Abstimmungsort	Abstimmungsorts	N;GEN;SG;MASC
Abstimmungsort	Abstimmungsorte	N;DAT;SG;MASC
Abstimmungsort	Abstimmungsorten	N;DAT;PL;MASC
Abstoß	Abstöße	N;NOM;PL;MASC
Abstoß	Abstoßes	N;GEN;SG;MASC
Abstoß	Abstoße	N;DAT;SG;MASC
Abstoß	Abstößen	N;DAT;PL;MASC
Abstossen	Abstossens	N;GEN;SG;NEUT
Abstoßen	Abstoßens	N;GEN;SG;NEUT
Abstoßung	Abstoßungen	N;NOM;PL;FEM
Abstoßungsreaktion	Abstoßungsreaktionen	N;NOM;PL;FEM
Abstract	Abstracts	N;GEN;SG;MASC
Abstrafen	Abstrafens	N;GEN;SG;NEUT
Abstrafung	Abstrafungen	N;NOM;PL;FEM
Abstrahieren	Abstrahierens	N;GEN;SG;NEUT
Abstrahlung	Abstrahlungen	N;NOM;PL;FEM
Abstraktum	Abstrakta	N;NOM;PL;NEUT
Abstraktum	Abstraktums	N;GEN;SG;NEUT
Abstrebung	Abstrebungen	N;NOM;PL;FEM
Abstreifen	Abstreifens	N;GEN;SG;NEUT
Abstrich	Abstriches	N;GEN;SG;MASC
Abstrich	Abstrichs	N;GEN;SG;MASC
Abstrich	Abstriche	N;DAT;SG;MASC
Abstrich	Abstrichen	N;DAT;PL;MASC
Abstufung	Abstufungen	N;NOM;PL;FEM
Abstumpfen	Abstumpfens	N;GEN;SG;NEUT
Absturz	Abstürze	N;NOM;PL;MASC
Absturz	Absturzes	N;GEN;SG;MASC
Absturz	Absturze	N;DAT;SG;MASC
Absturz	Abstürzen	N;DAT;PL;MASC
Abstürzen	Abstürzens	N;GEN;SG;NEUT
Abstützen	Abstützens	N;GEN;SG;NEUT
Absurdität	Absurditäten	N;NOM;PL;FEM
Abszess	Abszesses	N;GEN;SG;MASC
Abszess	Abszesse	N;DAT;SG;MASC
Abszess	Abszessen	N;DAT;PL;MASC
Abszeß	Abszesses	N;GEN;SG;MASC
Abszeß	Abszesse	N;DAT;SG;MASC
Abszeß	Abszessen	N;DAT;PL;MASC
Abszisse	Abszissen	N;NOM;PL;FEM
Abt	Äbte	N;NOM;PL;MASC
Abt	Abts	N;GEN;SG;MASC
Abt	Äbten	N;DAT;PL;MASC
Abtei	Abteien	N;NOM;PL;FEM
Abteil	Abteiles	N;GEN;SG;NEUT
Abteil	Abteils	N;GEN;SG;NEUT
Abteil	Abteile	N;DAT;SG;NEUT
Abteil	Abteilen	N;DAT;PL;NEUT
Abteilen	Abteilens	N;GEN;SG;NEUT
Abteilung	Abteilungen	N;NOM;PL;FEM
Abteilungsleiter	Abteilungsleiters	N;GEN;SG;MASC
Abteilungsleiter	Abteilungsleitern	N;DAT;PL;MASC
Abtheilung	Abtheilungen	N;NOM;PL;FEM
Abtippen	Abtippens	N;GEN;SG;NEUT
Äbtissin	Äbtissinnen	N;NOM;PL;FEM
Abtönung	Abtönungen	N;NOM;PL;FEM
Abtönungspartikel	Abtönungspartikeln	N;NOM;PL;FEM
Abtöten	Abtötens	N;GEN;SG;NEUT
Abtötung	Abtötungen	N;NOM;PL;FEM
Abtragen	Abtragens	N;GEN;SG;NEUT
Abtragung	Abtragungen	N;NOM;PL;FEM
Abtransport	Abtransporte	N;NOM;PL;MASC
Abtransport	Abtransports	N;GEN;SG;MASC
Abtransport	Abtransporten	N;DAT;PL;MASC
Abtransportieren	Abtransportierens	N;GEN;SG;NEUT
Abtreiben	Abtreibens	N;GEN;SG;NEUT
Abtreibungsbefürworter	Abtreibungsbefürworters	N;GEN;SG;MASC
Abtreibungsbefürworter	Abtreibungsbefürwortern	N;DAT;PL;MASC
Abtreibungsbefürworterin	Abtreibungsbefürworterinnen	N;NOM;PL;FEM
Abtreibungsgegner	Abtreibungsgegners	N;GEN;SG;MASC
Abtreibungsgegner	Abtreibungsgegnern	N;DAT;PL;MASC
Abtreibungsgegnerin	Abtreibungsgegnerinnen	N;NOM;PL;FEM
Abtreibungsklinik	Abtreibungskliniken	N;NOM;PL;FEM
Abtrennen	Abtrennens	N;GEN;SG;NEUT
Abtrennung	Abtrennungen	N;NOM;PL;FEM
Abtritt	Abtrittes	N;GEN;SG;MASC
Abtritt	Abtritts	N;GEN;SG;MASC
Abtritt	Abtritte	N;DAT;SG;MASC
Abtritt	Abtritten	N;DAT;PL;MASC
Abtropfsieb	Abtropfsiebes	N;GEN;SG;MASC
Abtropfsieb	Abtropfsiebs	N;GEN;SG;MASC
Abtropfsieb	Abtropfsiebe	N;DAT;SG;MASC
Abtropfsieb	Abtropfsieben	N;DAT;PL;MASC
Abtun	Abtuns	N;GEN;SG;NEUT
Abulie	Abulien	N;NOM;PL;FEM
Abwägen	Abwägens	N;GEN;SG;NEUT
Abwahl	Abwahlen	N;NOM;PL;FEM
Abwandern	Abwanderns	N;GEN;SG;NEUT
Abwanderung	Abwanderungen	N;NOM;PL;FEM
Abwart	Abwarte	N;NOM;PL;MASC
Abwart	Abwarts	N;GEN;SG;MASC
Abwart	Abwarten	N;DAT;PL;MASC
Abwarten	Abwartens	N;GEN;SG;NEUT
Abwaschen	Abwaschens	N;GEN;SG;NEUT
Abwasser	Abwässer	N;NOM;PL;NEUT
Abwasser	Abwassers	N;GEN;SG;NEUT
Abwasser	Abwässern	N;DAT;PL;NEUT
Abwasserkanal	Abwasserkanäle	N;NOM;PL;MASC
Abwasserkanal	Abwasserkanals	N;GEN;SG;MASC
Abwasserkanal	Abwasserkanälen	N;DAT;PL;MASC
Abwasserreinigung	Abwasserreinigungen	N;NOM;PL;FEM
Abwechslung	Abwechslungen	N;NOM;PL;FEM
Abwehr	Abwehren	N;NOM;PL;FEM
Abwehren	Abwehrens	N;GEN;SG;NEUT
Abwehrmechanismus	Abwehrmechanismen	N;NOM;PL;MASC
Abwehrspieler	Abwehrspielers	N;GEN;SG;MASC
Abwehrspieler	Abwehrspielern	N;DAT;PL;MASC
Abwehrspielerin	Abwehrspielerinnen	N;NOM;PL;FEM
Abwehrstoff	Abwehrstoffes	N;GEN;SG;MASC
Abwehrstoff	Abwehrstoffs	N;GEN;SG;MASC
Abwehrstoff	Abwehrstoffe	N;DAT;SG;MASC
Abwehrstoff	Abwehrstoffen	N;DAT;PL;MASC
Abweichen	Abweichens	N;GEN;SG;NEUT
Abweichler	Abweichlers	N;GEN;SG;MASC
Abweichler	Abweichlern	N;DAT;PL;MASC
Abweichlerin	Abweichlerinnen	N;NOM;PL;FEM
Abweichung	Abweichungen	N;NOM;PL;FEM
Abweisen	Abweisens	N;GEN;SG;NEUT
Abwenden	Abwendens	N;GEN;SG;NEUT
Abwerben	Abwerbens	N;GEN;SG;NEUT
Abwerfen	Abwerfens	N;GEN;SG;NEUT
Abwerten	Abwertens	N;GEN;SG;NEUT
Abwertung	Abwertungen	N;NOM;PL;FEM
Abwesenheit	Abwesenheiten	N;NOM;PL;FEM
Abwesenheitspfleger	Abwesenheitspflegers	N;GEN;SG;MASC
Abwesenheitspfleger	Abwesenheitspflegern	N;DAT;PL;MASC
Abwickeln	Abwickelns	N;GEN;SG;NEUT
Abwiegen	Abwiegens	N;GEN;SG;NEUT
Abwracken	Abwrackens	N;GEN;SG;NEUT
Abwurf	Abwürfe	N;NOM;PL;MASC
Abwurf	Abwurfes	N;GEN;SG;MASC
Abwurf	Abwurfs	N;GEN;SG;MASC
Abwurf	Abwurfe	N;DAT;SG;MASC
Abwurf	Abwürfen	N;DAT;PL;MASC
Abzählreim	Abzählreimes	N;GEN;SG;MASC
Abzählreim	Abzählreims	N;GEN;SG;MASC
Abzählreim	Abzählreime	N;DAT;SG;MASC
Abzählreim	Abzählreimen	N;DAT;PL;MASC
Abzeichen	Abzeichens	N;GEN;SG;NEUT
Abzeichnen	Abzeichnens	N;GEN;SG;NEUT
Abziehbild	Abziehbilder	N;NOM;PL;NEUT
Abziehbild	Abziehbildes	N;GEN;SG;NEUT
Abziehbild	Abziehbilds	N;GEN;SG;NEUT
Abziehbild	Abziehbilde	N;DAT;SG;NEUT
Abziehbild	Abziehbildern	N;DAT;PL;NEUT
Abziehen	Abziehens	N;GEN;SG;NEUT
Abziehung	Abziehungen	N;NOM;PL;FEM
Abzocke	Abzocken	N;NOM;PL;FEM
Abzocken	Abzockens	N;GEN;SG;NEUT
Abzocker	Abzockers	N;GEN;SG;MASC
Abzocker	Abzockern	N;DAT;PL;MASC
Abzug	Abzüge	N;NOM;PL;MASC
Abzug	Abzuges	N;GEN;SG;MASC
Abzug	Abzugs	N;GEN;SG;MASC
Abzug	Abzuge	N;DAT;SG;MASC
Abzug	Abzügen	N;DAT;PL;MASC
Abzweigdose	Abzweigdosen	N;NOM;PL;FEM
Abzweigung	Abzweigungen	N;NOM;PL;FEM
Accessoire	Accessoires	N;GEN;SG;NEUT
Acetal	Acetale	N;NOM;PL;NEUT
Acetal	Acetals	N;GEN;SG;NEUT
Acetal	Acetalen	N;DAT;PL;NEUT
Acetamid	Acetamids	N;GEN;SG;NEUT
Acetat	Acetate	N;NOM;PL;NEUT
Acetat	Acetats	N;GEN;SG;NEUT
Acetat	Acetaten	N;DAT;PL;NEUT
Acetessigsäure	Acetessigsäuren	N;NOM;PL;FEM
Acetylen	Acetylens	N;GEN;SG;NEUT
Acetylid	Acetylide	N;NOM;PL;NEUT
Acetylid	Acetylids	N;GEN;SG;NEUT
Acetylid	Acetyliden	N;DAT;PL;NEUT
Acetylieren	Acetylierens	N;GEN;SG;NEUT
Acetylrest	Acetylrestes	N;GEN;SG;MASC
Acetylrest	Acetylrests	N;GEN;SG;MASC
Acetylrest	Acetylreste	N;DAT;SG;MASC
Acetylrest	Acetylresten	N;DAT;PL;MASC
Ach	Achs	N;GEN;SG;NEUT
Achaier	Achaiers	N;GEN;SG;MASC
Achaier	Achaiern	N;DAT;PL;MASC
Achäne	Achänen	N;NOM;PL;FEM
Achat	Achates	N;GEN;SG;MASC
Achat	Achats	N;GEN;SG;MASC
Achat	Achate	N;DAT;SG;MASC
Achat	Achaten	N;DAT;PL;MASC
Achatschnecke	Achatschnecken	N;NOM;PL;FEM
Achillessehne	Achillessehnen	N;NOM;PL;FEM
Achse	Achsen	N;NOM;PL;FEM
Achsel	Achseln	N;NOM;PL;FEM
Achselchen	Achselchens	N;GEN;SG;NEUT
Ächselchen	Ächselchens	N;GEN;SG;NEUT
Achselhöhle	Achselhöhlen	N;NOM;PL;FEM
Achselklappe	Achselklappen	N;NOM;PL;FEM
Achselstück	Achselstückes	N;GEN;SG;NEUT
Achselstück	Achselstücks	N;GEN;SG;NEUT
Achselstück	Achselstücke	N;DAT;SG;NEUT
Achselstück	Achselstücken	N;DAT;PL;NEUT
Achselzucken	Achselzuckens	N;GEN;SG;NEUT
Achsenmacht	Achsenmächte	N;NOM;PL;FEM
Achsenmacht	Achsenmächten	N;DAT;PL;FEM
Acht	Achten	N;NOM;PL;FEM
Acht	Achten	N;NOM;PL;FEM
Achteck	Achteckes	N;GEN;SG;NEUT
Achteck	Achtecks	N;GEN;SG;NEUT
Achteck	Achtecke	N;DAT;SG;NEUT
Achteck	Achtecken	N;DAT;PL;NEUT
Achteckpyramide	Achteckpyramiden	N;NOM;PL;FEM
Achtel	Achtels	N;GEN;SG;NEUT
Achtel	Achteln	N;DAT;PL;NEUT
Achtelfinale	Achtelfinalen	N;NOM;PL;MASC
Achtelfinale	Achtelfinales	N;GEN;SG;MASC
Achtelnote	Achtelnoten	N;NOM;PL;FEM
Achten	Achtens	N;GEN;SG;NEUT
Ächten	Ächtens	N;GEN;SG;NEUT
Achter	Achters	N;GEN;SG;MASC
Achter	Achtern	N;DAT;PL;MASC
Achterbahn	Achterbahnen	N;NOM;PL;FEM
Achterdeck	Achterdecks	N;GEN;SG;NEUT
Achtflächner	Achtflächners	N;GEN;SG;MASC
Achtflächner	Achtflächnern	N;DAT;PL;MASC
Achtkampf	Achtkämpfe	N;NOM;PL;MASC
Achtkampf	Achtkampfes	N;GEN;SG;MASC
Achtkampf	Achtkampfs	N;GEN;SG;MASC
Achtkampf	Achtkampfe	N;DAT;SG;MASC
Achtkampf	Achtkämpfen	N;DAT;PL;MASC
Achtsamkeit	Achtsamkeiten	N;NOM;PL;FEM
Achtundvierzigeck	Achtundvierzigecke	N;NOM;PL;NEUT
Achtundvierzigeck	Achtundvierzigecks	N;GEN;SG;NEUT
Achtundvierzigeck	Achtundvierzigecken	N;DAT;PL;NEUT
Achtzehneck	Achtzehnecke	N;NOM;PL;NEUT
Achtzehneck	Achtzehnecks	N;GEN;SG;NEUT
Achtzehneck	Achtzehnecken	N;DAT;PL;NEUT
Achtzehntel	Achtzehntels	N;GEN;SG;NEUT
Achtzehntel	Achtzehnteln	N;DAT;PL;NEUT
Achtzigeck	Achtzigecke	N;NOM;PL;NEUT
Achtzigeck	Achtzigecks	N;GEN;SG;NEUT
Achtzigeck	Achtzigecken	N;DAT;PL;NEUT
Achtziger	Achtzigers	N;GEN;SG;MASC
Achtziger	Achtzigern	N;DAT;PL;MASC
Achtzigerjahre	Achtzigerjahren	N;DAT;PL
Ächzen	Ächzens	N;GEN;SG;NEUT
Acker	Äcker	N;NOM;PL;MASC
Acker	Ackers	N;GEN;SG;MASC
Acker	Äckern	N;DAT;PL;MASC
Acker	Aecker	N;NOM;PL;MASC
Acker	Ackers	N;GEN;SG;MASC
Acker	Aeckern	N;DAT;PL;MASC
Ackerbau	Ackerbaues	N;GEN;SG;MASC
Ackerbau	Ackerbaus	N;GEN;SG;MASC
Ackerbau	Ackerbaue	N;DAT;SG;MASC
Ackerboden	Ackerböden	N;NOM;PL;MASC
Ackermann	Ackermänner	N;NOM;PL;MASC
Ackermann	Ackermannes	N;GEN;SG;MASC
Ackermann	Ackermanns	N;GEN;SG;MASC
Ackermann	Ackermanne	N;DAT;SG;MASC
Ackermann	Ackermännern	N;DAT;PL;MASC
Ackern	Ackerns	N;GEN;SG;NEUT
Ackerschachtelhalm	Ackerschachtelhalme	N;NOM;PL;NEUT
Ackerschachtelhalm	Ackerschachtelhalms	N;GEN;SG;NEUT
Ackerschachtelhalm	Ackerschachtelhalmen	N;DAT;PL;NEUT
Ackerschnacker	Ackerschnackers	N;GEN;SG;MASC
Ackerschnacker	Ackerschnackern	N;DAT;PL;MASC
Ackerstiefmütterchen	Ackerstiefmütterchens	N;GEN;SG;NEUT
Acrylfarbe	Acrylfarben	N;NOM;PL;FEM
Acrylglas	Acrylglases	N;GEN;SG;NEUT
Acrylglas	Acrylglase	N;DAT;SG;NEUT
Actinium	Actiniums	N;GEN;SG;NEUT
Action	Actions	N;NOM;PL;FEM
Actionfilm	Actionfilmes	N;GEN;SG;MASC
Actionfilm	Actionfilms	N;GEN;SG;MASC
Actionfilm	Actionfilme	N;DAT;SG;MASC
Actionfilm	Actionfilmen	N;DAT;PL;MASC
Acyloin	Acyloine	N;NOM;PL;NEUT
Acyloin	Acyloins	N;GEN;SG;NEUT
Acyloin	Acyloinen	N;DAT;PL;NEUT
Ad-hoc-Bildung	Ad-hoc-Bildungen	N;NOM;PL;FEM
Adamin	Adamine	N;NOM;PL;NEUT
Adamin	Adamins	N;GEN;SG;NEUT
Adamin	Adaminen	N;DAT;PL;NEUT
Adamsapfel	Adamsäpfel	N;NOM;PL;MASC
Adamsapfel	Adamsapfels	N;GEN;SG;MASC
Adamsapfel	Adamsäpfeln	N;DAT;PL;MASC
Adamskostüm	Adamskostüme	N;NOM;PL;NEUT
Adamskostüm	Adamskostüms	N;GEN;SG;NEUT
Adamskostüm	Adamskostümen	N;DAT;PL;NEUT
Adapter	Adapters	N;GEN;SG;MASC
Adapter	Adaptern	N;DAT;PL;MASC
Adaptieren	Adaptierens	N;GEN;SG;NEUT
Adaptierte	Adaptierten	N;NOM;PL;FEM
Addieren	Addierens	N;GEN;SG;NEUT
Addition	Additionen	N;NOM;PL;FEM
Additiv	Additive	N;NOM;PL;NEUT
Additiv	Additivs	N;GEN;SG;NEUT
Additiv	Additiven	N;DAT;PL;NEUT
Addukt	Adduktes	N;GEN;SG;NEUT
Addukt	Addukts	N;GEN;SG;NEUT
Addukt	Addukte	N;DAT;SG;NEUT
Addukt	Addukten	N;DAT;PL;NEUT
Ade	Ades	N;GEN;SG;NEUT
Adel	Adels	N;GEN;SG;MASC
Adeliepinguin	Adeliepinguine	N;NOM;PL;MASC
Adeliepinguin	Adeliepinguins	N;GEN;SG;MASC
Adeliepinguin	Adeliepinguinen	N;DAT;PL;MASC
Adeln	Adelns	N;GEN;SG;NEUT
Adelung	Adelungen	N;NOM;PL;FEM
Adenin	Adenine	N;NOM;PL;NEUT
Adenin	Adenins	N;GEN;SG;NEUT
Adenin	Adeninen	N;DAT;PL;NEUT
Adenom	Adenome	N;NOM;PL;NEUT
Adenom	Adenoms	N;GEN;SG;NEUT
Adenom	Adenomen	N;DAT;PL;NEUT
Adenosin	Adenosins	N;GEN;SG;NEUT
Ader	Adern	N;NOM;PL;FEM
Äderchen	Äderchens	N;GEN;SG;NEUT
Aderhaut	Aderhäute	N;NOM;PL;FEM
Aderhaut	Aderhäuten	N;DAT;PL;FEM
Aderlass	Aderlasses	N;GEN;SG;MASC
Aderlass	Aderlasse	N;DAT;SG;MASC
Aderlass	Aderlassen	N;DAT;PL;MASC
Adessiv	Adessive	N;NOM;PL;MASC
Adessiv	Adessivs	N;GEN;SG;MASC
Adessiv	Adessiven	N;DAT;PL;MASC
Adhäsion	Adhäsionen	N;NOM;PL;FEM
Ädil	Ädiln	N;GEN;SG;MASC
Adjektiv	Adjektives	N;GEN;SG;NEUT
Adjektiv	Adjektivs	N;GEN;SG;NEUT
Adjektiv	Adjektive	N;DAT;SG;NEUT
Adjektiv	Adjektiven	N;DAT;PL;NEUT
Adjunkt	Adjunkten	N;GEN;SG;MASC
Adjunkt	Adjunkte	N;NOM;PL;MASC
Adjunkt	Adjunkts	N;GEN;SG;MASC
Adjunkt	Adjunkten	N;DAT;PL;MASC
Adjutant	Adjutanten	N;GEN;SG;MASC
Adler	Adlers	N;GEN;SG;MASC
Adler	Adlern	N;DAT;PL;MASC
Adlerbussard	Adlerbussarde	N;NOM;PL;MASC
Adlerbussard	Adlerbussards	N;GEN;SG;MASC
Adlerbussard	Adlerbussarden	N;DAT;PL;MASC
Adlerfarn	Adlerfarnes	N;GEN;SG;MASC
Adlerfarn	Adlerfarns	N;GEN;SG;MASC
Adlerfarn	Adlerfarne	N;DAT;SG;MASC
Adlerfarn	Adlerfarnen	N;DAT;PL;MASC
Adlerfisch	Adlerfisches	N;GEN;SG;MASC
Adlerfisch	Adlerfischs	N;GEN;SG;MASC
Adlerfisch	Adlerfische	N;DAT;SG;MASC
Adlerfisch	Adlerfischen	N;DAT;PL;MASC
Adlernase	Adlernasen	N;NOM;PL;FEM
Administration	Administrationen	N;NOM;PL;FEM
Administrator	Administratoren	N;NOM;PL;MASC
Administrator	Administrators	N;GEN;SG;MASC
Admiral	Admirale	N;NOM;PL;MASC
Admiral	Admirals	N;GEN;SG;MASC
Admiral	Admiralen	N;DAT;PL;MASC
Admiral	Admiräle	N;NOM;PL;MASC
Admiral	Admirals	N;GEN;SG;MASC
Admiral	Admirälen	N;DAT;PL;MASC
Adobe	Adobes	N;NOM;PL;MASC
Adoptieren	Adoptierens	N;GEN;SG;NEUT
Adoption	Adoptionen	N;NOM;PL;FEM
Adoptivkind	Adoptivkinder	N;NOM;PL;NEUT
Adoptivkind	Adoptivkindes	N;GEN;SG;NEUT
Adoptivkind	Adoptivkinds	N;GEN;SG;NEUT
Adoptivkind	Adoptivkinde	N;DAT;SG;NEUT
Adoptivkind	Adoptivkindern	N;DAT;PL;NEUT
Adposition	Adpositionen	N;NOM;PL;FEM
Adrenalin	Adrenalins	N;GEN;SG;NEUT
Adressat	Adressaten	N;GEN;SG;MASC
Adressbuch	Adressbücher	N;NOM;PL;NEUT
Adressbuch	Adressbuches	N;GEN;SG;NEUT
Adressbuch	Adressbuchs	N;GEN;SG;NEUT
Adressbuch	Adressbuche	N;DAT;SG;NEUT
Adressbuch	Adressbüchern	N;DAT;PL;NEUT
Adresse	Adressen	N;NOM;PL;FEM
Adressieren	Adressierens	N;GEN;SG;NEUT
Adsorbieren	Adsorbierens	N;GEN;SG;NEUT
Adstrat	Adstrates	N;GEN;SG;NEUT
Adstrat	Adstrats	N;GEN;SG;NEUT
Adstrat	Adstrate	N;DAT;SG;NEUT
Adstrat	Adstraten	N;DAT;PL;NEUT
Advent	Adventes	N;GEN;SG;MASC
Advent	Advents	N;GEN;SG;MASC
Advent	Advente	N;DAT;SG;MASC
Advent	Adventen	N;DAT;PL;MASC
Adventskalender	Adventskalenders	N;GEN;SG;MASC
Adventskalender	Adventskalendern	N;DAT;PL;MASC
Adventskranz	Adventskränze	N;NOM;PL;MASC
Adventskranz	Adventskranzes	N;GEN;SG;MASC
Adventskranz	Adventskranze	N;DAT;SG;MASC
Adventskranz	Adventskränzen	N;DAT;PL;MASC
Adverb	Adverbien	N;NOM;PL;NEUT
Adverb	Adverbes	N;GEN;SG;NEUT
Adverb	Adverbs	N;GEN;SG;NEUT
Adverb	Adverbe	N;DAT;SG;NEUT
Adverbialbestimmung	Adverbialbestimmungen	N;NOM;PL;FEM
Advokat	Advokaten	N;GEN;SG;MASC
Advokatur	Advokaturen	N;NOM;PL;FEM
Aernde	Aernden	N;NOM;PL;FEM
Aerobic	Aerobics	N;GEN;SG;NEUT
Aerogel	Aerogele	N;NOM;PL;NEUT
Aerogel	Aerogels	N;GEN;SG;NEUT
Aerogel	Aerogelen	N;DAT;PL;NEUT
Aerophobie	Aerophobien	N;NOM;PL;FEM
Aerosol	Aerosole	N;NOM;PL;NEUT
Aerosol	Aerosols	N;GEN;SG;NEUT
Aerosol	Aerosolen	N;DAT;PL;NEUT
Affäre	Affären	N;NOM;PL;FEM
Äffchen	Äffchens	N;GEN;SG;NEUT
Affe	Affen	N;GEN;SG;MASC
Affekt	Affekte	N;NOM;PL;MASC
Affekt	Affekts	N;GEN;SG;MASC
Affekt	Affekten	N;DAT;PL;MASC
Affenarschloch	Affenarschlöcher	N;NOM;PL;MASC
Affenarschloch	Affenarschlochs	N;GEN;SG;MASC
Affenarschloch	Affenarschlöchern	N;DAT;PL;MASC
Affenbrotbaum	Affenbrotbäume	N;NOM;PL;MASC
Affenbrotbaum	Affenbrotbaumes	N;GEN;SG;MASC
Affenbrotbaum	Affenbrotbaums	N;GEN;SG;MASC
Affenbrotbaum	Affenbrotbaume	N;DAT;SG;MASC
Affenbrotbaum	Affenbrotbäumen	N;DAT;PL;MASC
Affenente	Affenenten	N;NOM;PL;FEM
Affenficker	Affenfickers	N;GEN;SG;MASC
Affenficker	Affenfickern	N;DAT;PL;MASC
Affenjacke	Affenjacken	N;NOM;PL;FEM
